{"stats":{"minecraft:mined":{"minecraft:magma_block":28,"minecraft:gravel":23,"minecraft:sand":1,"minecraft:netherrack":21},"minecraft:dropped":{"minecraft:blue_terracotta":1,"minecraft:command_block":1,"minecraft:stone_button":1,"minecraft:redstone":4},"minecraft:used":{"minecraft:oak_fence":7,"minecraft:water_bucket":10,"minecraft:blue_terracotta":12,"minecraft:iron_bars":2,"minecraft:cobblestone_stairs":8,"minecraft:iron_shovel":23,"minecraft:orange_concrete":7,"minecraft:flint_and_steel":20,"minecraft:red_concrete":12,"minecraft:redstone":678,"minecraft:oak_planks":67,"minecraft:oak_sign":89,"minecraft:black_carpet":26,"minecraft:light_blue_terracotta":1,"minecraft:blackstone":7,"minecraft:chest":1,"minecraft:white_terracotta":1,"minecraft:brown_concrete":15,"minecraft:stone":9,"minecraft:redstone_block":72,"minecraft:wooden_shovel":1,"minecraft:green_terracotta":12,"minecraft:oak_door":7,"minecraft:pink_concrete":10,"minecraft:torch":3,"minecraft:lime_terracotta":1,"minecraft:soul_sand":5,"minecraft:sand":46,"minecraft:terracotta":1,"minecraft:yellow_terracotta":14,"minecraft:light_blue_concrete":9,"minecraft:cobblestone_wall":1,"minecraft:yellow_concrete":9,"minecraft:pink_terracotta":10,"minecraft:purple_terracotta":1,"minecraft:gray_concrete":12,"minecraft:blue_concrete":10,"minecraft:snowball":221,"minecraft:obsidian":78,"minecraft:redstone_torch":1,"minecraft:oak_log":44,"minecraft:brown_terracotta":12,"minecraft:black_concrete":185,"minecraft:green_concrete":8,"minecraft:ender_eye":201,"minecraft:cyan_terracotta":14,"minecraft:lava_bucket":31,"minecraft:firework_rocket":3,"minecraft:command_block":837,"minecraft:light_gray_concrete":12,"minecraft:grass_block":10,"minecraft:oak_stairs":82,"minecraft:spruce_button":1,"minecraft:oak_button":2,"minecraft:iron_pickaxe":49,"minecraft:stone_button":10,"minecraft:magenta_concrete":12,"minecraft:cyan_concrete":13,"minecraft:red_terracotta":15,"minecraft:oak_pressure_plate":1,"minecraft:gravel":77,"minecraft:repeater":233,"minecraft:purple_concrete":13,"minecraft:lime_concrete":8,"minecraft:cobblestone":173,"minecraft:magma_block":4,"minecraft:furnace":2,"minecraft:grindstone":2,"minecraft:bucket":43,"minecraft:smooth_stone_slab":15,"minecraft:glass_pane":3,"minecraft:infested_cobblestone":10,"minecraft:repeating_command_block":367,"minecraft:egg":816,"minecraft:white_concrete":757,"minecraft:orange_terracotta":11},"minecraft:picked_up":{"minecraft:magma_block":602,"minecraft:black_carpet":1,"minecraft:white_carpet":279,"minecraft:oak_sign":7,"minecraft:oak_door":2,"minecraft:gravel":2,"minecraft:stone_button":1,"minecraft:redstone":5,"minecraft:crying_obsidian":576,"minecraft:light_gray_stained_glass_pane":2880,"minecraft:blue_terracotta":1,"minecraft:command_block":1,"minecraft:obsidian":576,"minecraft:diamond_pickaxe":9},"minecraft:custom":{"minecraft:play_one_minute":679955,"minecraft:leave_game":30,"minecraft:time_since_death":178052,"minecraft:time_since_rest":178053,"minecraft:walk_one_cm":465796,"minecraft:sprint_one_cm":294448,"minecraft:damage_taken":1700,"minecraft:drop":4,"minecraft:swim_one_cm":15416,"minecraft:fly_one_cm":11420208,"minecraft:open_chest":105,"minecraft:crouch_one_cm":23555,"minecraft:deaths":5,"minecraft:sneak_time":37341,"minecraft:walk_under_water_one_cm":35884,"minecraft:jump":1907,"minecraft:walk_on_water_one_cm":26373,"minecraft:fall_one_cm":14138}},"DataVersion":2567}